imgs;Intel(R)_UHD_Graphics_620_[0x3ea0];NVIDIA_GeForce_MX130;total
0;0.5;0.5;
2000;0.310655;0.689345;
4000;0.300066;0.699934;
5000;0.325;0.675;
