gpu_prop;gpu;cpu
0;0.976025;2268.55
0.05;82.6963;2090.29
0.1;158.328;1953.39
0.15;229.642;1939.18
0.2;304.42;1806.66
0.25;373.036;1630.32
0.3;454.121;1523.78
0.35;522.55;1363.97
0.4;593.727;1296.28
0.45;670.859;1202.27
0.5;757.722;1111.26
0.55;831.653;1080.81
0.6;914.491;858.019
0.65;972.654;848.682
0.7;1056.56;745.377
0.75;1129.21;545.051
0.8;1203.76;438.905
0.85;1279.36;336.475
0.9;1346.54;253.583
0.95;1422.75;114.408
1;1492.67;0.530388