imgs;Intel(R)_UHD_Graphics_620_[0x3ea0];NVIDIA_GeForce_MX130;total
0;0.5;0.5;
1000;0.305458;0.694542;
2000;0.219817;0.780183;
3000;0.220123;0.779877;
4000;0.249332;0.750668;
5000;0.272756;0.727244;
